rank,name,position,team,value,bye,id,updatedAt
1,Jahmyr Gibbs,RB,DET,57,6,2026-RB-jahmyr-gibbs,2026-08-10
81,Brian Thomas Jr.,WR,JAC,4,7,2026-WR-brian-thomas-jr,2026-08-10
161,Jalen Nailor,WR,LV,0,13,2026-WR-jalen-nailor,2026-08-10
241,LeQuint Allen,RB,JAC,0,7,2026-RB-lequint-allen,2026-08-10
2,Bijan Robinson,RB,ATL,56,11,2026-RB-bijan-robinson,2026-08-10
82,Trevor Lawrence,QB,JAC,4,7,2026-QB-trevor-lawrence,2026-08-10
162,Omar Cooper Jr.,WR,NYJ,0,13,2026-WR-omar-cooper-jr,2026-08-10
242,MarShawn Lloyd,RB,GB,0,11,2026-RB-marshawn-lloyd,2026-08-10
3,Puka Nacua,WR,LAR,56,11,2026-WR-puka-nacua,2026-08-10
83,Dak Prescott,QB,DAL,4,14,2026-QB-dak-prescott,2026-08-10
163,Rashod Bateman,WR,BAL,0,13,2026-WR-rashod-bateman,2026-08-10
243,Jaydon Blue,RB,DAL,0,14,2026-RB-jaydon-blue,2026-08-10
4,Ja'Marr Chase,WR,CIN,55,6,2026-WR-jamarr-chase,2026-08-10
84,Bo Nix,QB,DEN,4,10,2026-QB-bo-nix,2026-08-10
164,Jauan Jennings,WR,MIN,0,6,2026-WR-jauan-jennings,2026-08-10
244,George Holani,RB,SEA,0,11,2026-RB-george-holani,2026-08-10
5,Jaxon Smith-Njigba,WR,SEA,54,11,2026-WR-jaxon-smith-njigba,2026-08-10
85,Brock Purdy,QB,SF,4,8,2026-QB-brock-purdy,2026-08-10
165,Tank Dell,WR,HOU,0,8,2026-WR-tank-dell,2026-08-10
245,Ty Johnson,RB,BUF,0,7,2026-RB-ty-johnson,2026-08-10
6,Christian McCaffrey,RB,SF,53,8,2026-RB-christian-mccaffrey,2026-08-10
86,Matthew Stafford,QB,LAR,4,11,2026-QB-matthew-stafford,2026-08-10
166,Tyjae Spears,RB,TEN,0,9,2026-RB-tyjae-spears,2026-08-10
246,Emari Demercado,RB,KC,0,5,2026-RB-emari-demercado,2026-08-10
7,Jonathan Taylor,RB,IND,52,13,2026-RB-jonathan-taylor,2026-08-10
87,Caleb Williams,QB,CHI,3,10,2026-QB-caleb-williams,2026-08-10
167,Braelon Allen,RB,NYJ,0,13,2026-RB-braelon-allen,2026-08-10
247,Isaiah Davis,RB,NYJ,0,13,2026-RB-isaiah-davis,2026-08-10
8,Amon-Ra St. Brown,WR,DET,52,6,2026-WR-amon-ra-st-brown,2026-08-10
88,Jakobi Meyers,WR,JAC,3,7,2026-WR-jakobi-meyers,2026-08-10
168,Keaton Mitchell,RB,LAC,0,7,2026-RB-keaton-mitchell,2026-08-10
248,Emmett Johnson,RB,KC,0,5,2026-RB-emmett-johnson,2026-08-10
9,CeeDee Lamb,WR,DAL,51,14,2026-WR-ceedee-lamb,2026-08-10
89,Wan'Dale Robinson,WR,TEN,3,9,2026-WR-wandale-robinson,2026-08-10
169,Broncos D/ST,DEF,DEN,0,10,2026-DEF-broncos-dst,2026-08-10
249,Chris Brooks,RB,GB,0,11,2026-RB-chris-brooks,2026-08-10
10,De'Von Achane,RB,MIA,50,6,2026-RB-devon-achane,2026-08-10
90,Makai Lemon,WR,PHI,3,10,2026-WR-makai-lemon,2026-08-10
170,Texans D/ST,DEF,HOU,0,8,2026-DEF-texans-dst,2026-08-10
250,Sean Tucker,RB,TB,0,10,2026-RB-sean-tucker,2026-08-10
11,Justin Jefferson,WR,MIN,48,6,2026-WR-justin-jefferson,2026-08-10
91,Josh Downs,WR,IND,3,13,2026-WR-josh-downs,2026-08-10
171,Steelers D/ST,DEF,PIT,0,9,2026-DEF-steelers-dst,2026-08-10
251,DJ Giddens,RB,IND,0,13,2026-RB-dj-giddens,2026-08-10
12,James Cook III,RB,BUF,46,7,2026-RB-james-cook-iii,2026-08-10
92,Jordan Addison,WR,MIN,3,6,2026-WR-jordan-addison,2026-08-10
172,Seahawks D/ST,DEF,SEA,0,11,2026-DEF-seahawks-dst,2026-08-10
252,Dontayvion Wicks,WR,PHI,0,10,2026-WR-dontayvion-wicks,2026-08-10
13,Jeremiyah Love,RB,ARI,45,14,2026-RB-jeremiyah-love,2026-08-10
93,Justin Herbert,QB,LAC,3,7,2026-QB-justin-herbert,2026-08-10
173,Rams D/ST,DEF,LAR,0,11,2026-DEF-rams-dst,2026-08-10
253,Savion Williams,WR,GB,0,11,2026-WR-savion-williams,2026-08-10
14,Drake London,WR,ATL,43,11,2026-WR-drake-london,2026-08-10
94,Patrick Mahomes,QB,KC,3,5,2026-QB-patrick-mahomes,2026-08-10
174,Ravens D/ST,DEF,BAL,0,13,2026-DEF-ravens-dst,2026-08-10
254,Jaguars D/ST,DEF,JAC,0,7,2026-DEF-jaguars-dst,2026-08-10
15,Ashton Jeanty,RB,LV,42,13,2026-RB-ashton-jeanty,2026-08-10
95,Jaylen Warren,RB,PIT,3,9,2026-RB-jaylen-warren,2026-08-10
175,Eagles D/ST,DEF,PHI,0,10,2026-DEF-eagles-dst,2026-08-10
255,Colts D/ST,DEF,IND,0,13,2026-DEF-colts-dst,2026-08-10
16,Rashee Rice,WR,KC,40,5,2026-WR-rashee-rice,2026-08-10
96,Rhamondre Stevenson,RB,NE,2,11,2026-RB-rhamondre-stevenson,2026-08-10
176,Browns D/ST,DEF,CLE,0,11,2026-DEF-browns-dst,2026-08-10
256,Evan McPherson,K,CIN,0,6,2026-K-evan-mcpherson,2026-08-10
17,Trey McBride,TE,ARI,38,14,2026-TE-trey-mcbride,2026-08-10
97,Rico Dowdle,RB,PIT,2,9,2026-RB-rico-dowdle,2026-08-10
177,Patriots D/ST,DEF,NE,0,11,2026-DEF-patriots-dst,2026-08-10
257,Nick Folk,K,ATL,0,11,2026-K-nick-folk,2026-08-10
18,Omarion Hampton,RB,LAC,37,7,2026-RB-omarion-hampton,2026-08-10
98,Kenny Gainwell,RB,TB,2,10,2026-RB-kenny-gainwell,2026-08-10
178,Lions D/ST,DEF,DET,0,6,2026-DEF-lions-dst,2026-08-10
258,Oronde Gadsden,TE,LAC,0,7,2026-TE-oronde-gadsden,2026-08-10
19,Saquon Barkley,RB,PHI,36,10,2026-RB-saquon-barkley,2026-08-10
99,Chuba Hubbard,RB,CAR,2,5,2026-RB-chuba-hubbard,2026-08-10
179,Chiefs D/ST,DEF,KC,0,5,2026-DEF-chiefs-dst,2026-08-10
259,Greg Dulcich,TE,MIA,0,6,2026-TE-greg-dulcich,2026-08-10
20,Derrick Henry,RB,BAL,35,13,2026-RB-derrick-henry,2026-08-10
100,Aaron Jones Sr.,RB,MIN,2,6,2026-RB-aaron-jones-sr,2026-08-10
180,Chargers D/ST,DEF,LAC,0,7,2026-DEF-chargers-dst,2026-08-10
260,Cade Otton,TE,TB,0,10,2026-TE-cade-otton,2026-08-10
21,Chase Brown,RB,CIN,34,6,2026-RB-chase-brown,2026-08-10
101,George Kittle,TE,SF,2,8,2026-TE-george-kittle,2026-08-10
181,Brandon Aubrey,K,DAL,0,14,2026-K-brandon-aubrey,2026-08-10
261,Pat Bryant,WR,DEN,0,10,2026-WR-pat-bryant,2026-08-10
22,Kenneth Walker III,RB,KC,33,5,2026-RB-kenneth-walker-iii,2026-08-10
102,Tucker Kraft,TE,GB,2,11,2026-TE-tucker-kraft,2026-08-10
182,Cameron Dicker,K,LAC,0,7,2026-K-cameron-dicker,2026-08-10
262,Tory Horton,WR,SEA,0,11,2026-WR-tory-horton,2026-08-10
23,Josh Jacobs,RB,GB,32,11,2026-RB-josh-jacobs,2026-08-10
103,Dallas Goedert,TE,PHI,2,10,2026-TE-dallas-goedert,2026-08-10
183,Jason Myers,K,SEA,0,11,2026-K-jason-myers,2026-08-10
263,Elijah Sarratt,WR,BAL,0,13,2026-WR-elijah-sarratt,2026-08-10
24,Brock Bowers,TE,LV,32,13,2026-TE-brock-bowers,2026-08-10
104,Travis Kelce,TE,KC,2,5,2026-TE-travis-kelce,2026-08-10
184,Harrison Mevis,K,LAR,0,11,2026-K-harrison-mevis,2026-08-10
264,Dyami Brown,WR,WAS,0,7,2026-WR-dyami-brown,2026-08-10
25,Nico Collins,WR,HOU,31,8,2026-WR-nico-collins,2026-08-10
105,Rachaad White,RB,WAS,2,7,2026-RB-rachaad-white,2026-08-10
185,Ka'imi Fairbairn,K,HOU,0,8,2026-K-kaimi-fairbairn,2026-08-10
265,Malik Davis,RB,DAL,0,14,2026-RB-malik-davis,2026-08-10
26,Garrett Wilson,WR,NYJ,30,13,2026-WR-garrett-wilson,2026-08-10
106,Jonathon Brooks,RB,CAR,2,5,2026-RB-jonathon-brooks,2026-08-10
186,Eddy Pineiro,K,SF,0,8,2026-K-eddy-pineiro,2026-08-10
266,Emanuel Wilson,RB,SEA,0,11,2026-RB-emanuel-wilson,2026-08-10
27,A.J. Brown,WR,NE,30,11,2026-WR-aj-brown,2026-08-10
107,J.K. Dobbins,RB,DEN,2,10,2026-RB-jk-dobbins,2026-08-10
187,Harrison Butker,K,KC,0,5,2026-K-harrison-butker,2026-08-10
267,Geno Smith,QB,NYJ,0,13,2026-QB-geno-smith,2026-08-10
28,Chris Olave,WR,NO,29,8,2026-WR-chris-olave,2026-08-10
108,RJ Harvey,RB,DEN,2,10,2026-RB-rj-harvey,2026-08-10
188,Cam Little,K,JAC,0,7,2026-K-cam-little,2026-08-10
268,Aaron Rodgers,QB,PIT,0,9,2026-QB-aaron-rodgers,2026-08-10
29,George Pickens,WR,DAL,28,14,2026-WR-george-pickens,2026-08-10
109,Jake Ferguson,TE,DAL,2,14,2026-TE-jake-ferguson,2026-08-10
189,Jake Bates,K,DET,0,6,2026-K-jake-bates,2026-08-10
269,Jacoby Brissett,QB,ARI,0,14,2026-QB-jacoby-brissett,2026-08-10
30,Breece Hall,RB,NYJ,27,13,2026-RB-breece-hall,2026-08-10
110,Mark Andrews,TE,BAL,2,13,2026-TE-mark-andrews,2026-08-10
190,Tyler Loop,K,BAL,0,13,2026-K-tyler-loop,2026-08-10
270,Deshaun Watson,QB,CLE,0,11,2026-QB-deshaun-watson,2026-08-10
31,Javonte Williams,RB,DAL,26,14,2026-RB-javonte-williams,2026-08-10
111,T.J. Hockenson,TE,MIN,2,6,2026-TE-tj-hockenson,2026-08-10
191,Cairo Santos,K,CHI,0,10,2026-K-cairo-santos,2026-08-10
271,Darius Slayton,WR,NYG,0,8,2026-WR-darius-slayton,2026-08-10
32,Malik Nabers,WR,NYG,25,8,2026-WR-malik-nabers,2026-08-10
112,Khalil Shakir,WR,BUF,2,7,2026-WR-khalil-shakir,2026-08-10
192,Will Reichard,K,MIN,0,6,2026-K-will-reichard,2026-08-10
272,Treylon Burks,WR,WAS,0,7,2026-WR-treylon-burks,2026-08-10
33,Tetairoa McMillan,WR,CAR,24,5,2026-WR-tetairoa-mcmillan,2026-08-10
113,Jayden Reed,WR,GB,2,11,2026-WR-jayden-reed,2026-08-10
193,Jordan James,RB,SF,0,8,2026-RB-jordan-james,2026-08-10
273,Tyquan Thornton,WR,KC,0,5,2026-WR-tyquan-thornton,2026-08-10
34,Zay Flowers,WR,BAL,23,13,2026-WR-zay-flowers,2026-08-10
114,Xavier Worthy,WR,KC,2,5,2026-WR-xavier-worthy,2026-08-10
194,Brenton Strange,TE,JAC,0,7,2026-TE-brenton-strange,2026-08-10
274,Andrei Iosivas,WR,CIN,0,6,2026-WR-andrei-iosivas,2026-08-10
35,DeVonta Smith,WR,PHI,22,10,2026-WR-devonta-smith,2026-08-10
115,Kyle Monangai,RB,CHI,2,10,2026-RB-kyle-monangai,2026-08-10
195,James Conner,RB,ARI,0,14,2026-RB-james-conner,2026-08-10
275,Jahan Dotson,WR,ATL,0,11,2026-WR-jahan-dotson,2026-08-10
36,Josh Allen,QB,BUF,22,7,2026-QB-josh-allen,2026-08-10
116,Kenyon Sadiq,TE,NYJ,2,13,2026-TE-kenyon-sadiq,2026-08-10
196,Justice Hill,RB,BAL,0,13,2026-RB-justice-hill,2026-08-10
276,Will Shipley,RB,PHI,0,10,2026-RB-will-shipley,2026-08-10
37,Kyren Williams,RB,LAR,22,11,2026-RB-kyren-williams,2026-08-10
117,Isaiah Likely,TE,NYG,2,8,2026-TE-isaiah-likely,2026-08-10
197,Zachariah Branch,WR,ATL,0,11,2026-WR-zachariah-branch,2026-08-10
277,Devin Singletary,RB,NYG,0,8,2026-RB-devin-singletary,2026-08-10
38,Travis Etienne Jr.,RB,NO,21,8,2026-RB-travis-etienne-jr,2026-08-10
118,Dalton Kincaid,TE,BUF,2,7,2026-TE-dalton-kincaid,2026-08-10
198,Jordan Love,QB,GB,0,11,2026-QB-jordan-love,2026-08-10
278,Tyler Badie,RB,DEN,0,10,2026-RB-tyler-badie,2026-08-10
39,Cam Skattebo,RB,NYG,21,8,2026-RB-cam-skattebo,2026-08-10
119,Hunter Henry,TE,NE,2,11,2026-TE-hunter-henry,2026-08-10
199,Cam Ward,QB,TEN,0,9,2026-QB-cam-ward,2026-08-10
279,Tahj Brooks,RB,CIN,0,6,2026-RB-tahj-brooks,2026-08-10
40,Quinshon Judkins,RB,CLE,20,11,2026-RB-quinshon-judkins,2026-08-10
120,Jacory Croskey-Merritt,RB,WAS,2,7,2026-RB-jacory-croskey-merritt,2026-08-10
200,C.J. Stroud,QB,HOU,0,8,2026-QB-cj-stroud,2026-08-10
280,Trevor Etienne,RB,CAR,0,5,2026-RB-trevor-etienne,2026-08-10
41,Bucky Irving,RB,TB,19,10,2026-RB-bucky-irving,2026-08-10
121,Blake Corum,RB,LAR,1,11,2026-RB-blake-corum,2026-08-10
201,Darnell Mooney,WR,NYG,0,8,2026-WR-darnell-mooney,2026-08-10
281,Seth McGowan,RB,IND,0,13,2026-RB-seth-mcgowan,2026-08-10
42,Emeka Egbuka,WR,TB,19,10,2026-WR-emeka-egbuka,2026-08-10
122,Woody Marks,RB,HOU,1,8,2026-RB-woody-marks,2026-08-10
202,Tre Harris,WR,LAC,0,7,2026-WR-tre-harris,2026-08-10
282,Kendre Miller,RB,NO,0,8,2026-RB-kendre-miller,2026-08-10
43,Davante Adams,WR,LAR,18,11,2026-WR-davante-adams,2026-08-10
123,Zach Charbonnet,RB,SEA,1,11,2026-RB-zach-charbonnet,2026-08-10
203,Ryan Flournoy,WR,DAL,0,14,2026-WR-ryan-flournoy,2026-08-10
283,Jawhar Jordan,RB,HOU,0,8,2026-RB-jawhar-jordan,2026-08-10
44,Ladd McConkey,WR,LAC,17,7,2026-WR-ladd-mcconkey,2026-08-10
124,Quentin Johnston,WR,LAC,1,7,2026-WR-quentin-johnston,2026-08-10
204,Antonio Williams,WR,WAS,0,7,2026-WR-antonio-williams,2026-08-10
284,Marvin Mims Jr.,WR,DEN,0,10,2026-WR-marvin-mims-jr,2026-08-10
45,Terry McLaurin,WR,WAS,17,7,2026-WR-terry-mclaurin,2026-08-10
125,KC Concepcion,WR,CLE,1,11,2026-WR-kc-concepcion,2026-08-10
205,Jaylin Noel,WR,HOU,0,8,2026-WR-jaylin-noel,2026-08-10
285,Bengals D/ST,DEF,CIN,0,6,2026-DEF-bengals-dst,2026-08-10
46,Tee Higgins,WR,CIN,15,6,2026-WR-tee-higgins,2026-08-10
126,Deebo Samuel Sr.,WR,SF,1,8,2026-WR-deebo-samuel-sr,2026-08-10
206,Pat Freiermuth,TE,PIT,0,9,2026-TE-pat-freiermuth,2026-08-10
286,Bears D/ST,DEF,CHI,0,10,2026-DEF-bears-dst,2026-08-10
47,Jaylen Waddle,WR,DEN,15,10,2026-WR-jaylen-waddle,2026-08-10
127,Stefon Diggs,WR,WAS,1,7,2026-WR-stefon-diggs,2026-08-10
207,Dalton Schultz,TE,HOU,0,8,2026-TE-dalton-schultz,2026-08-10
287,Trey Smack,K,GB,0,11,2026-K-trey-smack,2026-08-10
48,Jameson Williams,WR,DET,14,6,2026-WR-jameson-williams,2026-08-10
128,Chris Godwin Jr.,WR,TB,1,10,2026-WR-chris-godwin-jr,2026-08-10
208,Xavier Legette,WR,CAR,0,5,2026-WR-xavier-legette,2026-08-10
288,Jake Elliott,K,PHI,0,10,2026-K-jake-elliott,2026-08-10
49,Colston Loveland,TE,CHI,13,10,2026-TE-colston-loveland,2026-08-10
129,Romeo Doubs,WR,NE,1,11,2026-WR-romeo-doubs,2026-08-10
209,Jack Bech,WR,LV,0,13,2026-WR-jack-bech,2026-08-10
289,Mike Gesicki,TE,CIN,0,6,2026-TE-mike-gesicki,2026-08-10
50,Tyler Warren,TE,IND,13,13,2026-TE-tyler-warren,2026-08-10
130,Jayden Higgins,WR,HOU,1,8,2026-WR-jayden-higgins,2026-08-10
210,Isaac TeSlaa,WR,DET,0,6,2026-WR-isaac-teslaa,2026-08-10
290,Evan Engram,TE,DEN,0,10,2026-TE-evan-engram,2026-08-10
51,Carnell Tate,WR,TEN,12,9,2026-WR-carnell-tate,2026-08-10
131,Jalen Coker,WR,CAR,1,5,2026-WR-jalen-coker,2026-08-10
211,Chris Bell,WR,MIA,0,6,2026-WR-chris-bell,2026-08-10
291,David Njoku,TE,LAC,0,7,2026-TE-david-njoku,2026-08-10
52,Rome Odunze,WR,CHI,11,10,2026-WR-rome-odunze,2026-08-10
132,Jerry Jeudy,WR,CLE,1,11,2026-WR-jerry-jeudy,2026-08-10
212,Jonah Coleman,RB,DEN,0,10,2026-RB-jonah-coleman,2026-08-10
292,Michael Mayer,TE,LV,0,13,2026-TE-michael-mayer,2026-08-10
53,Luther Burden III,WR,CHI,11,10,2026-WR-luther-burden-iii,2026-08-10
133,Kyler Murray,QB,MIN,1,6,2026-QB-kyler-murray,2026-08-10
213,Kaelon Black,RB,SF,0,8,2026-RB-kaelon-black,2026-08-10
293,Jake Tonges,TE,SF,0,8,2026-TE-jake-tonges,2026-08-10
54,DJ Moore,WR,BUF,10,7,2026-WR-dj-moore,2026-08-10
134,Tyler Shough,QB,NO,1,8,2026-QB-tyler-shough,2026-08-10
214,Kaytron Allen,RB,WAS,0,7,2026-RB-kaytron-allen,2026-08-10
294,KaVontae Turpin,WR,DAL,0,14,2026-WR-kavontae-turpin,2026-08-10
55,Jayden Daniels,QB,WAS,10,7,2026-QB-jayden-daniels,2026-08-10
135,Jared Goff,QB,DET,1,6,2026-QB-jared-goff,2026-08-10
215,Gunnar Helm,TE,TEN,0,9,2026-TE-gunnar-helm,2026-08-10
295,Jaylin Lane,WR,WAS,0,7,2026-WR-jaylin-lane,2026-08-10
56,Lamar Jackson,QB,BAL,10,13,2026-QB-lamar-jackson,2026-08-10
136,Daniel Jones,QB,IND,1,13,2026-QB-daniel-jones,2026-08-10
216,Chig Okonkwo,TE,WAS,0,7,2026-TE-chig-okonkwo,2026-08-10
296,Tua Tagovailoa,QB,ATL,0,11,2026-QB-tua-tagovailoa,2026-08-10
57,Drake Maye,QB,NE,10,11,2026-QB-drake-maye,2026-08-10
137,Jordan Mason,RB,MIN,1,6,2026-RB-jordan-mason,2026-08-10
217,AJ Barner,TE,SEA,0,11,2026-TE-aj-barner,2026-08-10
297,49ers D/ST,DEF,SF,0,8,2026-DEF-49ers-dst,2026-08-10
58,Jalen Hurts,QB,PHI,9,10,2026-QB-jalen-hurts,2026-08-10
138,Alvin Kamara,RB,NO,1,8,2026-RB-alvin-kamara,2026-08-10
218,Sam Darnold,QB,SEA,0,11,2026-QB-sam-darnold,2026-08-10
298,Jets D/ST,DEF,NYJ,0,13,2026-DEF-jets-dst,2026-08-10
59,TreVeyon Henderson,RB,NE,9,11,2026-RB-treveyon-henderson,2026-08-10
139,Isiah Pacheco,RB,DET,1,6,2026-RB-isiah-pacheco,2026-08-10
219,Bryce Young,QB,CAR,0,5,2026-QB-bryce-young,2026-08-10
299,Saints D/ST,DEF,NO,0,8,2026-DEF-saints-dst,2026-08-10
60,Bhayshul Tuten,RB,JAC,9,7,2026-RB-bhayshul-tuten,2026-08-10
140,Chris Rodriguez Jr.,RB,JAC,1,7,2026-RB-chris-rodriguez-jr,2026-08-10
220,Fernando Mendoza,QB,LV,0,13,2026-QB-fernando-mendoza,2026-08-10
300,Panthers D/ST,DEF,CAR,0,5,2026-DEF-panthers-dst,2026-08-10
61,D'Andre Swift,RB,CHI,8,10,2026-RB-dandre-swift,2026-08-10
141,Brian Robinson Jr.,RB,ATL,1,11,2026-RB-brian-robinson-jr,2026-08-10
221,Nicholas Singleton,RB,TEN,0,9,2026-RB-nicholas-singleton,2026-08-10
62,David Montgomery,RB,HOU,8,8,2026-RB-david-montgomery,2026-08-10
142,Tank Bigsby,RB,PHI,1,10,2026-RB-tank-bigsby,2026-08-10
222,Demond Claiborne,RB,MIN,0,6,2026-RB-demond-claiborne,2026-08-10
63,Jadarian Price,RB,SEA,8,11,2026-RB-jadarian-price,2026-08-10
143,Rashid Shaheed,WR,SEA,1,11,2026-WR-rashid-shaheed,2026-08-10
223,Kimani Vidal,RB,LAC,0,7,2026-RB-kimani-vidal,2026-08-10
64,Tony Pollard,RB,TEN,7,9,2026-RB-tony-pollard,2026-08-10
144,Jalen McMillan,WR,TB,1,10,2026-WR-jalen-mcmillan,2026-08-10
224,Malik Washington,WR,MIA,0,6,2026-WR-malik-washington,2026-08-10
65,Courtland Sutton,WR,DEN,7,10,2026-WR-courtland-sutton,2026-08-10
145,Calvin Ridley,WR,TEN,1,9,2026-WR-calvin-ridley,2026-08-10
225,Jaylen Wright,RB,MIA,0,6,2026-RB-jaylen-wright,2026-08-10
66,Michael Pittman Jr.,WR,PIT,7,9,2026-WR-michael-pittman-jr,2026-08-10
146,Denzel Boston,WR,CLE,1,11,2026-WR-denzel-boston,2026-08-10
226,Ollie Gordon II,RB,MIA,0,6,2026-RB-ollie-gordon-ii,2026-08-10
67,Alec Pierce,WR,IND,7,13,2026-WR-alec-pierce,2026-08-10
147,Travis Hunter,WR,JAC,1,7,2026-WR-travis-hunter,2026-08-10
227,Jalen Tolbert,WR,MIA,0,6,2026-WR-jalen-tolbert,2026-08-10
68,Marvin Harrison Jr.,WR,ARI,6,14,2026-WR-marvin-harrison-jr,2026-08-10
148,Adonai Mitchell,WR,NYJ,1,13,2026-WR-adonai-mitchell,2026-08-10
228,Cooper Kupp,WR,SEA,0,11,2026-WR-cooper-kupp,2026-08-10
69,DK Metcalf,WR,PIT,6,9,2026-WR-dk-metcalf,2026-08-10
149,Baker Mayfield,QB,TB,1,10,2026-QB-baker-mayfield,2026-08-10
229,Caleb Douglas,WR,MIA,0,6,2026-WR-caleb-douglas,2026-08-10
70,Jordyn Tyson,WR,NO,6,8,2026-WR-jordyn-tyson,2026-08-10
150,Malik Willis,QB,MIA,1,6,2026-QB-malik-willis,2026-08-10
230,Kayshon Boutte,WR,NE,0,11,2026-WR-kayshon-boutte,2026-08-10
71,Kyle Pitts Sr.,TE,ATL,6,11,2026-TE-kyle-pitts-sr,2026-08-10
151,De'Zhaun Stribling,WR,SF,1,8,2026-WR-dezhaun-stribling,2026-08-10
231,Brandon Aiyuk,WR,SF,0,8,2026-WR-brandon-aiyuk,2026-08-10
72,Harold Fannin Jr.,TE,CLE,6,11,2026-TE-harold-fannin-jr,2026-08-10
152,Germie Bernard,WR,PIT,1,9,2026-WR-germie-bernard,2026-08-10
232,Ja'Kobi Lane,WR,BAL,0,13,2026-WR-jakobi-lane,2026-08-10
73,Sam LaPorta,TE,DET,6,6,2026-TE-sam-laporta,2026-08-10
153,Tre Tucker,WR,LV,1,13,2026-WR-tre-tucker,2026-08-10
233,Ted Hurst,WR,TB,0,10,2026-WR-ted-hurst,2026-08-10
74,Joe Burrow,QB,CIN,5,6,2026-QB-joe-burrow,2026-08-10
154,Ray Davis,RB,BUF,1,7,2026-RB-ray-davis,2026-08-10
234,Keon Coleman,WR,BUF,0,7,2026-WR-keon-coleman,2026-08-10
75,Jaxson Dart,QB,NYG,5,8,2026-QB-jaxson-dart,2026-08-10
155,Tyrone Tracy Jr.,RB,NYG,1,8,2026-RB-tyrone-tracy-jr,2026-08-10
235,Buccaneers D/ST,DEF,TB,0,10,2026-DEF-buccaneers-dst,2026-08-10
76,Mike Evans,WR,SF,5,8,2026-WR-mike-evans,2026-08-10
156,Mike Washington Jr.,RB,LV,1,13,2026-RB-mike-washington-jr,2026-08-10
236,Packers D/ST,DEF,GB,0,11,2026-DEF-packers-dst,2026-08-10
77,Parker Washington,WR,JAC,5,7,2026-WR-parker-washington,2026-08-10
157,Tyler Allgeier,RB,ARI,1,14,2026-RB-tyler-allgeier,2026-08-10
237,Chris Boswell,K,PIT,0,9,2026-K-chris-boswell,2026-08-10
78,Christian Watson,WR,GB,4,11,2026-WR-christian-watson,2026-08-10
158,Dylan Sampson,RB,CLE,1,11,2026-RB-dylan-sampson,2026-08-10
238,Chase McLaughlin,K,TB,0,10,2026-K-chase-mclaughlin,2026-08-10
79,Matthew Golden,WR,GB,4,11,2026-WR-matthew-golden,2026-08-10
159,Terrance Ferguson,TE,LAR,1,11,2026-TE-terrance-ferguson,2026-08-10
239,Adam Randall,RB,BAL,0,13,2026-RB-adam-randall,2026-08-10
80,Michael Wilson,WR,ARI,4,14,2026-WR-michael-wilson,2026-08-10
160,Juwan Johnson,TE,NO,1,8,2026-TE-juwan-johnson,2026-08-10
240,Samaje Perine,RB,CIN,0,6,2026-RB-samaje-perine,2026-08-10
1,Jahmyr Gibbs,RB,DET,57,6,2026-RB-jahmyr-gibbs,2026-08-10
